{"21_RRRN": {"valid_runtime": [3478.990478515625, 53.2716178894043, 56.712894439697266, 88.70931243896484, 274.1235656738281, 52.08710479736328, 56.93804931640625, 60.124481201171875, 78.09037017822266, 84.29622650146484, 198.3336944580078, 48.674560546875, 123.20275115966797, 56.87891387939453, 287.5907287597656, 45.01295852661133, 298.01019287109375, 44.96003341674805, 61.09481430053711, 78.88377380371094, 75.56639862060547, 280.0768127441406, 61.15353775024414, 67.3951644897461, 88.578369140625, 195.20892333984375, 57.47740936279297, 80.31459045410156, 75.550048828125, 106.04198455810547, 277.09039306640625, 41.50892639160156, 110.62992095947266, 50.80223846435547, 103.33392333984375, 148.60768127441406, 265.0855407714844, 40.478816986083984, 63.453025817871094, 81.52777862548828, 78.8216323852539, 176.07469177246094, 51.28287887573242, 80.44105529785156, 74.19692993164062, 252.33004760742188, 46.6135368347168, 84.2501449584961, 66.68450927734375, 236.89932250976562, 64.03065490722656, 69.09292602539062, 100.41267395019531, 77.67459106445312, 262.08416748046875, 46.50889587402344, 247.09207153320312, 46.506591796875, 88.29821014404297, 137.15023803710938, 217.84080505371094, 43.429534912109375, 149.80467224121094, 54.158016204833984, 93.76921844482422, 70.74479675292969, 118.39119720458984, 274.4812927246094, 41.819393157958984, 48.85897445678711, 67.38006591796875, 88.5973129272461, 77.5000991821289, 266.2711486816406, 45.42540740966797, 213.9053192138672, 33.88915252685547, 51.977535247802734, 135.4165802001953, 46.02521514892578, 64.55494689941406, 273.8847961425781, 43.297855377197266, 67.35222625732422, 87.97309112548828, 78.01686096191406, 223.9429168701172, 46.324703216552734, 75.26236724853516, 107.94873809814453, 100.32777404785156, 61.70537567138672, 180.7901153564453, 48.91779327392578, 126.40220642089844, 120.68070220947266, 245.99256896972656, 46.44188690185547, 82.13152313232422, 230.5160369873047], "valid_psnr": [29.330702659727574, 35.239706533327784, 40.26424236949123, 27.404805217767674, 28.501625027872663, 28.140640603050638, 20.171865553610786, 26.76896066994594, 32.16512838469088, 26.604789699793873, 29.05209599361903, 27.795178029682358, 31.345167223148138, 28.202821120477562, 33.95284262667492, 31.625976251742202, 31.95691619669205, 28.724823885338495, 27.98155647968592, 24.75373412703263, 32.28413820826623, 30.638842486181108, 26.00593241600818, 28.40141589758688, 27.3183098213837, 24.208781175351547, 33.322993564014965, 21.27153119756727, 26.564437658742676, 24.469088310319368, 30.184410390371713, 30.457257291796658, 34.03824931890882, 25.354365318132167, 22.78745167239736, 25.92897679723044, 26.22399526785607, 37.714046091787516, 29.050188839161404, 28.389779030171702, 27.97018039795137, 29.750602103683942, 40.96236111741816, 44.090468666066045, 23.95027370644616, 25.597405454838427, 27.63944768802588, 27.219364681695968, 22.280336207798857, 29.082371778404298, 28.35704700723742, 29.96215792934567, 34.04612415217733, 24.922464995548555, 29.27593443012418, 24.19708827069142, 34.9078695545414, 28.45829988113615, 25.265909690487227, 20.485290658675762, 22.92823255667743, 33.078244730635255, 33.16769698884257, 29.909018573327863, 27.278899344507536, 25.006329836296697, 28.467986053331217, 32.68532083106799, 23.625400175946872, 28.545523358173458, 32.11659555679063, 23.905699600521174, 24.059171209085612, 30.017736857038063, 24.378047632448293, 22.063116550093554, 40.18261678393366, 32.17447092225806, 27.22477921286025, 32.029486442745956, 25.89426423864257, 34.119617992119316, 26.16526109671751, 25.886306089200094, 22.835568412044232, 36.27570502378664, 25.259032115297924, 30.539943665385675, 30.86993678150592, 25.286439241205496, 26.987789036897887, 30.026291466132285, 33.178724813093964, 31.717109196017816, 20.377178499486504, 38.92755579462988, 22.133726104495185, 34.374847836814226, 31.223649336654468, 28.08928526398263], "valid_memory": 354.8916015625, "valid_ave_runtime": 145.34464000701905, "valid_ave_psnr": 28.86031372999594, "activations": 56.361424, "num_conv": 23, "flops": 27.58452276, "num_parameters": 0.448446}}